{
  "total_matches": 1000,
  "direction_accuracy": 0.496,
  "winner_accuracy": 0.497,
  "exact_score_accuracy": 0.149,
  "top3_score_coverage": 0.393,
  "brier_score": 0.6091253476087063,
  "log_loss": 1.0194611036226522,
  "calibration": {
    "0.2-0.4": {
      "total": 1,
      "correct": 1,
      "accuracy": 1.0
    },
    "0.4-0.6": {
      "total": 894,
      "correct": 408,
      "accuracy": 0.4563758389261745
    },
    "0.8-1.0": {
      "total": 105,
      "correct": 88,
      "accuracy": 0.8380952380952381
    }
  },
  "tournament_breakdown": {
    "Unknown": {
      "total": 1000,
      "correct": 497
    }
  }
}