{
  "mean": [
    1495.5666666666666,
    8.693333333333333,
    7.716666666666667,
    2.9385,
    12.903083333333333,
    1.774,
    1.2358333333333333,
    1.7505,
    5.202,
    5.151666666666666,
    0.3639,
    3.424166666666667,
    2.3881666666666668,
    3.384,
    10.043666666666667,
    9.996666666666666,
    0.3636178571428571,
    1.0458795616363743,
    1.0628721322028134,
    2.6571803305070336,
    0.7373519841269841,
    0.6658751891952563,
    0.5516279541146016,
    1.0553274243287243,
    0.3164858077670763,
    1492.8066666666666,
    13.03,
    11.15,
    2.926833333333333,
    12.682575,
    1.7535,
    1.2296666666666667,
    1.7778333333333334,
    5.1685,
    5.237666666666667,
    0.35976666666666673,
    3.3905,
    2.3876666666666666,
    3.414,
    10.045,
    10.109833333333333,
    0.3601484788359788,
    1.0400912200709083,
    1.0585255362789905,
    2.646313840697476,
    0.7268080026455027,
    0.6643976746094356,
    0.5473605782920827,
    1.0650651177417898,
    0.30962468753538397,
    2.76,
    -4.336666666666667,
    -3.433333333333333,
    0.011666666666666667,
    0.22050833333333333,
    0.0205,
    0.006166666666666667,
    -0.027333333333333334,
    0.0335,
    -0.086,
    0.004133333333333332,
    0.033666666666666664,
    0.0005,
    -0.03,
    -0.0013333333333333333,
    -0.11316666666666667,
    0.003469378306878307
  ],
  "std": [
    253.52289416382055,
    125.44952060194875,
    118.10127450933375,
    2.081851764126023,
    10.590279914360131,
    1.3153753717962493,
    0.9804979355353859,
    1.2395587256381675,
    2.71546649639594,
    2.6176591155896896,
    0.26906089094214314,
    2.2034953757308786,
    1.4542509342792933,
    2.0460307199431678,
    4.722479241943507,
    4.501929229047563,
    0.22896407086660775,
    0.3374484898789818,
    0.4049034802890126,
    1.0122587007225314,
    0.42315794406427654,
    0.1807489238959377,
    0.1306777777624305,
    0.3796915090261316,
    0.17400315978055783,
    254.55318142957515,
    129.58813454210363,
    120.2609161281891,
    2.085794427859108,
    10.39970752499684,
    1.2910004636067482,
    0.9837417582187746,
    1.2400530610238343,
    2.6400005082917373,
    2.5687119215107614,
    0.2642954550690393,
    2.180780223619662,
    1.4887636789533962,
    2.039598978720817,
    4.660857817962971,
    4.4815306899662914,
    0.22560223805776125,
    0.33381257025843153,
    0.3991250280249605,
    0.9978125700624014,
    0.4287150891878806,
    0.17750362363145233,
    0.1287363812828513,
    0.36704940868066716,
    0.17086782758488633,
    235.81302698808412,
    180.66073094479188,
    168.96756265161358,
    1.660117431750966,
    10.489848909618368,
    1.784827914706117,
    1.3565035898295388,
    1.688804774334951,
    3.5247385312415638,
    3.390799353157831,
    0.3698223636955642,
    2.878642212175706,
    1.9240019180248826,
    2.646305693283321,
    5.674184019128746,
    5.357935972480736,
    0.3132048023737085
  ],
  "columns": [
    "home_elo_rating",
    "home_elo_change_1year",
    "home_elo_change_3year",
    "home_world_cup_experience",
    "home_major_tournament_points",
    "home_wins_5",
    "home_draws_5",
    "home_losses_5",
    "home_goals_for_5",
    "home_goals_against_5",
    "home_win_rate_5",
    "home_wins_10",
    "home_draws_10",
    "home_losses_10",
    "home_goals_for_10",
    "home_goals_against_10",
    "home_win_rate_10",
    "home_attack_score",
    "home_avg_goals_scored",
    "home_shots_estimate",
    "home_big_win_rate",
    "home_scoring_consistency",
    "home_defense_score",
    "home_avg_goals_conceded",
    "home_clean_sheet_rate",
    "away_elo_rating",
    "away_elo_change_1year",
    "away_elo_change_3year",
    "away_world_cup_experience",
    "away_major_tournament_points",
    "away_wins_5",
    "away_draws_5",
    "away_losses_5",
    "away_goals_for_5",
    "away_goals_against_5",
    "away_win_rate_5",
    "away_wins_10",
    "away_draws_10",
    "away_losses_10",
    "away_goals_for_10",
    "away_goals_against_10",
    "away_win_rate_10",
    "away_attack_score",
    "away_avg_goals_scored",
    "away_shots_estimate",
    "away_big_win_rate",
    "away_scoring_consistency",
    "away_defense_score",
    "away_avg_goals_conceded",
    "away_clean_sheet_rate",
    "diff_elo_rating",
    "diff_elo_change_1year",
    "diff_elo_change_3year",
    "diff_world_cup_experience",
    "diff_major_tournament_points",
    "diff_wins_5",
    "diff_draws_5",
    "diff_losses_5",
    "diff_goals_for_5",
    "diff_goals_against_5",
    "diff_win_rate_5",
    "diff_wins_10",
    "diff_draws_10",
    "diff_losses_10",
    "diff_goals_for_10",
    "diff_goals_against_10",
    "diff_win_rate_10"
  ],
  "feature_count": 67
}