{
  "model_version": "v2",
  "epochs": 150,
  "best_val_loss": 0.40234361981090744,
  "final_val_accuracy": 0.49583333333333335,
  "final_macro_f1": 0.4513344554516306,
  "final_balanced_accuracy": 0.46921378637016486,
  "final_brier_score": 0.5985300471564886,
  "final_log_loss": 0.9953910112380981,
  "class_weights": [
    0.6954429745674133,
    1.2084016799926758,
    1.0961554050445557
  ],
  "feature_count": 67,
  "input_dim": 50,
  "train_samples": 4800,
  "test_samples": 1200,
  "train_losses": [
    0.7487256399790446,
    0.6047767730553945,
    0.5424731206893921,
    0.4961153550942739,
    0.4750909336407979,
    0.4583187452952067,
    0.4439173416296641,
    0.4362505280971527,
    0.43237916032473245,
    0.4293598163127899,
    0.4299175814787547,
    0.4236275299390157,
    0.42612547437349957,
    0.4220007010300954,
    0.4198251938819885,
    0.41893165747324623,
    0.4187175627549489,
    0.4167883455753326,
    0.416377770503362,
    0.418615483045578,
    0.41553555607795717,
    0.41361376802126565,
    0.41469565709431966,
    0.41551355361938475,
    0.4139725701014201,
    0.41296685496966046,
    0.4134826437632243,
    0.41364739497502645,
    0.41230074286460877,
    0.41254232048988343,
    0.41217038631439207,
    0.41354719360669456,
    0.410615105231603,
    0.4100872878233592,
    0.40923170566558836,
    0.41068479537963865,
    0.40898691534996034,
    0.4085807331403096,
    0.4118797679742177,
    0.4053376789887746,
    0.4108116777737935,
    0.4039049502213796,
    0.4060358270009359,
    0.40682757178942364,
    0.4049659128983816,
    0.4050358859697978,
    0.40343621373176575,
    0.4035877418518066,
    0.40160045981407166,
    0.4036020720005035,
    0.4053638994693756,
    0.40471694310506184,
    0.40331018408139546,
    0.40297138690948486,
    0.4008688716093699,
    0.39998346447944644,
    0.4008536167939504,
    0.40047315835952757,
    0.3990593862533569,
    0.3973810199896495,
    0.39799331506093344,
    0.4010201398531596,
    0.3979096376895905,
    0.39747321327527363,
    0.3997733986377716,
    0.3987953980763753,
    0.3957743978500366,
    0.3943253306547801,
    0.3966053533554077,
    0.3960648723443349,
    0.39483019828796384,
    0.39044596115748087,
    0.39317123691240946,
    0.39478444814682007,
    0.3916482321421305,
    0.3921243361632029,
    0.3919793113072713,
    0.393619905312856,
    0.3924868782361349,
    0.38839179277420044,
    0.3893264067173004,
    0.38876601696014407,
    0.3913068906466166,
    0.391030152241389,
    0.3897820981343587,
    0.38801976601282756,
    0.3902150877316793,
    0.3875219301382701,
    0.3883378072579702,
    0.3849498705069224,
    0.38594276587168375,
    0.3837885582447052,
    0.385907377799352,
    0.3848608954747518,
    0.38414265036582945,
    0.3854166813691457,
    0.38389459530512493,
    0.38801432331403096,
    0.3859083127975464,
    0.38101590673128766,
    0.38532897710800174,
    0.3820877814292908,
    0.38584758480389914,
    0.38571789383888244,
    0.3834641842047373,
    0.3834455144405365,
    0.3842061440149943,
    0.38180585265159606,
    0.3855595831076304,
    0.38588953137397763,
    0.3834701919555664,
    0.3829854659239451,
    0.3788780395189921,
    0.37788767417271935,
    0.38321467757225036,
    0.3822468988100688,
    0.38238682587941486,
    0.3823083182175954,
    0.38110771258672077,
    0.3803096044063568,
    0.38329176465670267,
    0.3835888985792796,
    0.3767608507474263,
    0.3806052577495575,
    0.3800458467006683,
    0.38048015832901,
    0.3799733789761861,
    0.37759138305981954,
    0.38144126812616985,
    0.38037259300549825,
    0.37824788729349773,
    0.37856080492337546,
    0.3792517550786336,
    0.379312215646108,
    0.3857717510064443,
    0.3760222486654917,
    0.37970560510953266,
    0.3784433472156525,
    0.38040157198905944,
    0.37654102047284443,
    0.3786155780156453,
    0.38034849921862285,
    0.3801655161380768,
    0.3807571983337402,
    0.38003465414047244,
    0.3830606655279795,
    0.3744442621866862,
    0.3838107093175252,
    0.37965739170710244,
    0.380021759668986
  ],
  "val_losses": [
    0.4425633784971739,
    0.42685638603411225,
    0.41985381120129633,
    0.415311723947525,
    0.41330566374879135,
    0.4098959690646121,
    0.40918853722120585,
    0.4075635765728198,
    0.40696985784329864,
    0.4069787201128508,
    0.4060399438205518,
    0.40614259556720134,
    0.4052063854117143,
    0.40548257137599747,
    0.40417038139544037,
    0.4037267659839831,
    0.40453077303735835,
    0.40542002414402206,
    0.403315018666418,
    0.40271320311646713,
    0.4035231894568393,
    0.4024587148114255,
    0.4034094230124825,
    0.4037434082282217,
    0.4031134075240085,
    0.40376810180513484,
    0.4033405623937908,
    0.4034674669566907,
    0.4038896858692169,
    0.40402813961631373,
    0.40351288099037974,
    0.40234361981090744,
    0.4028393296818984,
    0.40372772436392934,
    0.40535946111930043,
    0.40462666593099894,
    0.40460078653536347,
    0.40263170631308304,
    0.4052946112657848,
    0.4043376696737189,
    0.4053386465499276,
    0.40515382980045517,
    0.40538414057932404,
    0.4070013902689281,
    0.4051673020187177,
    0.40518836284938614,
    0.40601327701618795,
    0.40579438680096674,
    0.40697659787378815,
    0.40634312284620183,
    0.40638628602027893,
    0.4063030497023934,
    0.40605801187063517,
    0.404901175122512,
    0.4060367016415847,
    0.4075027578755429,
    0.4069054158110368,
    0.40708715037295695,
    0.4074314487607856,
    0.4084605166786595,
    0.4061794798625143,
    0.4078670316620877,
    0.4086300762076127,
    0.4092536709810558,
    0.40757881810790614,
    0.409005847416426,
    0.40768907101530777,
    0.4079809988799848,
    0.40889636152669,
    0.40949691910492747,
    0.41044059866353083,
    0.4111957738274022,
    0.4106473499222806,
    0.40993604848259374,
    0.41071586702999313,
    0.40989543575989573,
    0.40935757442524556,
    0.41058555559108134,
    0.4107789412925118,
    0.41286227420756694,
    0.41165393590927124,
    0.41330256744434957,
    0.41199416079019247,
    0.4117168266522257,
    0.41328795960074977,
    0.4139852868883233,
    0.4124099894573814,
    0.4123935134787309,
    0.41306203133181524,
    0.41339174697273656,
    0.4130022572843652,
    0.41241911837929174,
    0.41224977374076843,
    0.41392338746472407,
    0.413814409783012,
    0.4139770551731712,
    0.413957417011261,
    0.4143577923900203,
    0.4127868100216514,
    0.4143596699363307,
    0.41433080246574,
    0.41444460184950577,
    0.41552223500452545,
    0.41474875807762146,
    0.4150160143249913,
    0.41539237687462255,
    0.4148974575494465,
    0.41466943213814184,
    0.41504315012379694,
    0.41457798449616684,
    0.41592963118302195,
    0.4160196781158447,
    0.41567039803454753,
    0.4157352557307796,
    0.41643085291511134,
    0.41669916479211105,
    0.41583482528987686,
    0.4145800471305847,
    0.4152819137824209,
    0.41541963188271774,
    0.4152279998126783,
    0.4166941485906902,
    0.4156436402546732,
    0.41572963093456466,
    0.4155635770998503,
    0.4168936970986818,
    0.4169945042384298,
    0.4165725535468051,
    0.4164554508108842,
    0.4158071561863548,
    0.4168135962988201,
    0.41636867429080765,
    0.41631976711122615,
    0.4160775479517485,
    0.4160156626450388,
    0.41725819518691615,
    0.41602204191057307,
    0.41693956287283646,
    0.41683098987529155,
    0.41660734226829127,
    0.416790025798898,
    0.4157068164725053,
    0.41599161530795853,
    0.41681996458455134,
    0.4165358496339698,
    0.41600038817054347,
    0.416953991902502,
    0.41608993944368866,
    0.4168703179610403,
    0.4174043363646457
  ]
}