{
  "epochs": 100,
  "best_val_loss": 1.0406550310159985,
  "final_val_accuracy": 0.475,
  "final_balanced_f1": 0.46003278646855844,
  "final_brier_score": 0.6251460940194214,
  "final_log_loss": 1.039716124534607,
  "class_weights": [
    0.6929733753204346,
    1.2045459747314453,
    1.1024806499481201
  ],
  "train_losses": [
    1.1092901706695557,
    1.0698073701063793,
    1.072970587015152,
    1.0649866505463919,
    1.0585931611061097,
    1.0620546436309815,
    1.056248394648234,
    1.0544760020573933,
    1.064361003637314,
    1.0661008207003275,
    1.0647111439704895,
    1.0555769662062326,
    1.0560490886370342,
    1.0607211558024088,
    1.0551821581522625,
    1.054716875553131,
    1.0504344709714253,
    1.0548944334189096,
    1.0547795800367992,
    1.0544754735628763,
    1.0531996742884318,
    1.0572265342871348,
    1.0542168096701303,
    1.0555289538701376,
    1.0534306530157724,
    1.0585496373971304,
    1.0499184521039326,
    1.0516344471772512,
    1.0478272473812102,
    1.0473448598384858,
    1.0542626361052194,
    1.0485525127251942,
    1.0471637058258056,
    1.0527590966224671,
    1.0511248926321666,
    1.05019948442777,
    1.0532131922245025,
    1.0485510480403901,
    1.0488934604326885,
    1.0481760839621226,
    1.0483459969361624,
    1.048147309223811,
    1.0506156726678213,
    1.050788588921229,
    1.0511717844009398,
    1.0484835596879323,
    1.0496860579649607,
    1.0520917789141337,
    1.0507804067929585,
    1.0482599023977917,
    1.050419887304306,
    1.046225808064143,
    1.0444908610979715,
    1.0476990966002147,
    1.048691880305608,
    1.050397009452184,
    1.0500659068425497,
    1.048436050415039,
    1.0495545959472656,
    1.0425074104468028,
    1.0482417420546213,
    1.0470211215813954,
    1.0510625139872234,
    1.046385620435079,
    1.0498807799816132,
    1.046719298362732,
    1.0492756613095602,
    1.0469851799805958,
    1.0493237992127737,
    1.0465038192272187,
    1.0468981031576792,
    1.0476014371713003,
    1.044971296787262,
    1.0457560479640962,
    1.0465186496575674,
    1.0502601377169292,
    1.0522276298205058,
    1.052308733065923,
    1.0521250267823536,
    1.0435646347204843,
    1.047794487873713,
    1.0493758873144785,
    1.0525392429033915,
    1.0456960304578145,
    1.0535130258401235,
    1.047329896291097,
    1.0478955523173015,
    1.0463145939509073,
    1.0489808356761932,
    1.0439534417788188,
    1.0471228782335917,
    1.0475961085160572,
    1.0431478575865427,
    1.0476047138373057,
    1.0491226490338643,
    1.0459475632508595,
    1.0462172571818034,
    1.050577956835429,
    1.045432267189026,
    1.0438915208975474
  ],
  "val_losses": [
    1.063580610250172,
    1.0519277845558368,
    1.0492832880271108,
    1.0445694829288281,
    1.0436160015432459,
    1.0467249594236676,
    1.0429992283645428,
    1.049184135700527,
    1.0470511536849172,
    1.0431935724459196,
    1.0420822501182556,
    1.0415803586181842,
    1.0424258520728664,
    1.0457077324390411,
    1.0538903239526247,
    1.049456714015258,
    1.0407131361333948,
    1.0439636315170087,
    1.047863455195176,
    1.0494742518977116,
    1.0442699241010767,
    1.0417165803281885,
    1.0497970533998389,
    1.0426924526691437,
    1.045352993827117,
    1.0429720078644,
    1.0406550310159985,
    1.0443053700421985,
    1.0429783008600537,
    1.0416764334628457,
    1.0416003967586316,
    1.0427766630524082,
    1.0449631104343815,
    1.044538775556966,
    1.0440427096266496,
    1.0434947280507338,
    1.0474667909898256,
    1.0472467620121806,
    1.0460570721249831,
    1.0444188102295524,
    1.0454599449509068,
    1.0442918790014166,
    1.0436024069786072,
    1.0432473828918056,
    1.0437793167013871,
    1.0428151911810826,
    1.044470975273534,
    1.0437088138178776,
    1.0430881412405717,
    1.0436393555841947,
    1.0429633965617733,
    1.042792464557447,
    1.0444856537015814,
    1.0436291004482068,
    1.0437694772293693,
    1.0447406455090171,
    1.0433969685905857,
    1.0479248636647274,
    1.0445799121731205,
    1.0451740057844865,
    1.0431750416755676,
    1.0432935529633571,
    1.0440098847213544,
    1.0441720140607733,
    1.0447203422847546,
    1.0467229501197213,
    1.045700790066468,
    1.0458982131983106,
    1.0439971308959157,
    1.0441353838694722,
    1.0443754854955172,
    1.0442375650531368,
    1.0438061340859062,
    1.0440783610469417,
    1.0458922605765493,
    1.0454376826160832,
    1.0449709327597367,
    1.0459944072522616,
    1.0447971397324611,
    1.0452647805213928,
    1.0452220486967188,
    1.046413131450352,
    1.045188712446313,
    1.0444304896028418,
    1.0451995228466235,
    1.045047336503079,
    1.0445922519031323,
    1.0478315039684898,
    1.0459980023534674,
    1.044787927677757,
    1.0451994475565458,
    1.0450751122675443,
    1.045873496093248,
    1.0459940904065181,
    1.0457881798869686,
    1.0456911403881877,
    1.0441403247808154,
    1.0459545521359694,
    1.0454909487774497,
    1.0458537151938991
  ]
}